---USE ENTVStore
INSERT INTO Staff VALUES
('ST001', 'Alexander Hans', 'lexander.hans@gmail.com', 'Male', '+6281266241095', 'Jl. Kebangsaan No. 30', '5000000.000','2000-3-24'),
('ST002', 'Fernando Halim', 'nando.halim@gmail.com', 'Male', '+6285722361524', 'Taman Lestari Blok C8', '7000000.000','2001-6-22'),
('ST003', 'Rachel Kurniawan', 'rach.rachel@yahoo.com', 'Female', '+6281255654987', 'Daan Mogot Baru No. 5', '6500000.000','2002-7-13'),
('ST004', 'Kevin William', 'kevinwilliammm@gmail.com', 'Male', '+625866987731', 'Jl. Kemurnian 3 No. 4', '7500000.000','2001-1-17'),
('ST005', 'Rahmat Adhitama', 'rahmattaditama@yahoo.com', 'Male', '+6285744897765', 'Cengkareng Timur No. 15', '8000000.000','2000-4-8'),
('ST006', 'Charlie Cecillia', 'charliee78@gmail.com', 'Female', '+6281244596355', 'Gajah Mada 5 No.44', '6500000.000','2001-8-16'),
('ST007', 'Danny Leonardo', 'leonardodan@gmail.com', 'Male', '+6285566978812', 'Cempaka Putih No. 23', '7250000.000','2000-11-29'),
('ST008', 'Ilham Fauzan', 'ilhamfauzan@gmail.com', 'Male', '+6288902254646', 'Batu Pinang 7 No. 9', '6000000.000','2002-12-21'),
('ST009', 'Daniel Liwijaya', 'danielli@gmail.com', 'Male', '+6281255697887', 'Palem Merah 7 No. 12', '8500000.000','2002-7-14'),
('ST010', 'Vanessa Lim', 'vanessalimm@gmail.com', 'Female', '+6281245546653', 'Jl. Garuda 2 No. 4', '8000000.000','2003-8-4'),
('ST011','Derek','derekwhite@gmail.com','Male','+62875638742917','Jl.Purnama 9', '8000000.000','2000-3-12'),
('ST012','Trip','tripred@yahoo.com','Female','+62832938728947','Jl.Bulan 10', '7500000.000','2003-3-29'),
('ST013','Rex','rexyea@yahoo.com','Male','+62861774228542','Jl.Bintang 11', '5700000.000','2001-5-27'),
('ST014','Dave','daveevd@gmail.com','Male','+62832938728947','Jl.Sabit 12', '6520000.000','2000-9-2'),
('ST015','Dan','danntdm@yahoo.com','Male','+62841624128968','Jl.Asteroid 15', '8500000.000','2002-10-1')


INSERT INTO Customer
VALUES
('CU001', 'Andi Setiawan', 'andisetiawan23@gmail.com', 'Male', '+6285744658991', 'Peta Barat No. 33', '1988-02-16'),
('CU002', 'Handy Budiman', 'handyybudiman2@yahoo.com', 'Male', '+6281266458890', 'Jl. K.H. Maulana No. 22', '1995-08-22'),
('CU003', 'Kevin Fernando', 'kevinfernando@gmail.com', 'Male', '+6285744956687', 'Jl. Mayora 3', '1998-04-12'),
('CU004', 'Abdul Hermansyah', 'abdulherman@gmail.com', 'Male', '+6281244546698', 'Danau Emas 2 No. 5', '1979-10-18'),
('CU005', 'Elvina Anggara', 'elvinaang@gmail.com', 'Female', '+6285445562588', 'Jl. Damai 3 No. 8', '1995-04-24'),
('CU006', 'Chandra Wijaya', 'chandrawijaya@gmail.com', 'Male', '+6281245246678', 'Elang Laut 1 No. 10', '1996-12-15'),
('CU007', 'Brandon Kalim', 'brandonnkalim@gmail.com', 'Male', '+6281231598746', 'Taman Palem 9 No. 3', '1998-02-13'),
('CU008', 'Adera Buana', 'buanaadera@yahoo.com', 'Male', '+62851223654789', 'Jl. Jati 6 No. 5', '2000-09-25'),
('CU009', 'Jessica Julian', 'jessjulian@gmail.com', 'Female', '+6285689452378', 'Jl. Keselamatan 4', '1996-09-20'),
('CU010', 'Michael David', 'michael27@gmail.com', 'Male', '+6285749857318', 'Jl. Bunda 8 No. 7', '1990-01-19'),
('CU011', 'Jevon Riyadi', 'jevonriyadi@yahoo.com', 'Male', '+628891597536', 'Kasih 1 No. 12', '1998-06-22'),
('CU012', 'Ivan Pratama', 'ivanpratama@gmail.com', 'Male', '+6285146793281', 'Kemuliaan 5 No. 16', '1991-08-02'),
('CU013', 'Lestari Nababan', 'lestarinababan@gmail.com', 'Female', '+6281245670912', 'Jl. Jaksa No. 2', '1994-03-30'),
('CU014', 'Vito Nathanael', 'vitonathan@gmail.com', 'Male', '+6281249735219', 'Jl. Agung No. 5', '1998-12-04'),
('CU015', 'Oktavia Siadari', 'oktasiadari@gmail.com', 'Female', '+6281266354973', 'Jl. Jendral No .5', '1984-10-03'),
('CU016', 'Aileen Halim', 'aileenham@gmail.com', 'Female', '+6281219874654', 'Jl. Hijau No. 3', '1999-06-15'),
('CU017', 'Dani Suryadi', 'danisuryadi@gmail.com', 'Male', '+6285812957684', 'Jl. Kota No. 12', '1990-08-17'),
('CU018', 'Federic Winata', 'winatagiordano@gmail.com', 'Male', '+6281349652791', 'Jl. Kemang No. 7', '1978-05-18'),
('CU019', 'Calista Angeline', 'calistaangie@gmail.com', 'Female', '+6281249563254', 'Jl. Merdeka No. 2', '1992-08-27'),
('CU020', 'Laurensia Mutiara', 'laurenmutiara@gmail.com', 'Female', '+6281594861563', 'Jl. Rajamur No. 19', '1999-06-21')


INSERT INTO TelevisionBrand VALUES
('TB001','Papasonic'),
('TB002','Masngus'),
('TB003','Polimer'),
('TB004','Ed-G'),
('TB005','Chingcheng')

INSERT INTO Television VALUES
('TE001','TB001','Rose 1','250','1050000.000'),
('TE002','TB004','Frizzy 1','350','1250000.000'),
('TE003','TB003','Joy 1','450','1750000.000'),
('TE004','TB004','Heap 1','150','1950000.000'),
('TE005','TB002','Crystal 1','125','1999999.000'),
('TE006','TB005','Rose 2','270','1100000.000'),
('TE007','TB004','Frizzy 2','320','1650000.000'),
('TE008','TB001','Joy 2','470','1870000.000'),
('TE009','TB002','Heap 2','175','1950000.000'),
('TE010','TB002','Crystal 2','195','1989999.000'),
('TE011','TB003','Salient CB42','45','3375000.000'),
('TE012','TB004','Valiant UM50','65','6875000.000'),
('TE013','TB002','Keralis UHD55','40','12850000.000'),
('TE014','TB003','Salient CU32','150','1245000.000'),
('TE015','TB005','Arthesia TP40','60','2350000.000'),
('TE016','TB005','Arthesia TP46','50','4500000.000'),
('TE017','TB004','Eniarc TS68','30','18750000.000'),
('TE018','TB004','Eniarc TS55','25','14750000.000'),
('TE019','TB003','Salient CK50','100','5750000.000'),
('TE020','TB001','Regina TK46','120','4000000.000')

INSERT INTO Vendor VALUES
('VE001','PT Akhiong Bersinar','sales@ptakhiongbersinar.co.id','056166601','Jl. Kumparan 23'),
('VE002','PT Pietro','sales@pietro.com','02142013','Jl. Mawar Atas 25'),
('VE003','PT Dua Tiga','sales@duatiga.com','073669741','Jl. Leuwiliang 19'),
('VE004','PT Pyotr Televisi','sales@pyotr.com','02142013','Jl. Duku Putih Atas 35'),
('VE005','PT Kuyang','sales@ptkuyang.co.id','025309801','Jl. Jurong Sawi 12'),
('VE006','CV Horizon Elektronik','sales@horizonelektronik.co.id','02520386','Jl. King Gwan 28'),
('VE007','PT Stallinbrolin','sales@stallinbrolin.com','02101922','Jl. Rempoa 32'),
('VE008','CV Doa Ibu','sales@doaibu.com','03365501','Jl. Kaesang 44')

INSERT INTO SalesTransaction
VALUES
('SA001', 'ST002', 'CU012', '2021-01-15'),
('SA002', 'ST003', 'CU008', '2021-01-22'),
('SA003', 'ST008', 'CU018', '2021-01-28'),
('SA004', 'ST002', 'CU007', '2021-02-02'),
('SA005', 'ST011', 'CU003', '2021-02-15'),
('SA006', 'ST015', 'CU010', '2021-02-19'),
('SA007', 'ST009', 'CU014', '2021-02-19'),
('SA008', 'ST007', 'CU019', '2021-02-27'),
('SA009', 'ST006', 'CU012', '2021-03-09'),
('SA010', 'ST015', 'CU014', '2021-03-16'),
('SA011', 'ST012', 'CU017', '2021-03-22'),
('SA012', 'ST001', 'CU007', '2021-04-14'),
('SA013', 'ST006', 'CU009', '2021-04-25'),
('SA014', 'ST004', 'CU020', '2021-04-28'),
('SA015', 'ST013', 'CU016', '2021-04-30'),
('SA016', 'ST011', 'CU004', '2021-05-08'),
('SA017', 'ST005', 'CU010', '2021-05-15'),
('SA018', 'ST010', 'CU008', '2021-06-21'),
('SA019', 'ST011', 'CU002', '2021-06-28'),
('SA020', 'ST014', 'CU001', '2021-07-16'),
('SA021', 'ST003', 'CU013', '2021-08-23'),
('SA022', 'ST008', 'CU004', '2021-08-29'),
('SA023', 'ST012', 'CU007', '2021-09-10'),
('SA024', 'ST005', 'CU015', '2021-09-22'),
('SA025', 'ST004', 'CU011', '2021-10-16')

INSERT INTO PurchaseTransaction
VALUES
('PE001', 'ST004', 'VE002', '2021-01-15'),
('PE002', 'ST002', 'VE008', '2021-01-22'), 
('PE003', 'ST007', 'VE008', '2021-01-28'),
('PE004', 'ST003', 'VE007', '2021-02-05'),
('PE005', 'ST012', 'VE003', '2021-02-13'),
('PE006', 'ST011', 'VE001', '2021-02-17'),
('PE007', 'ST013', 'VE004', '2021-02-22'),
('PE008', 'ST002', 'VE008', '2021-02-24'),
('PE009', 'ST007', 'VE002', '2021-03-12'),
('PE010', 'ST010', 'VE004', '2021-03-19'),
('PE011', 'ST015', 'VE007', '2021-03-16'),
('PE012', 'ST009', 'VE007', '2021-04-18'),
('PE013', 'ST001', 'VE008', '2021-04-23'),
('PE014', 'ST003', 'VE002', '2021-04-11'),
('PE015', 'ST014', 'VE006', '2021-04-29'),
('PE016', 'ST013', 'VE004', '2021-05-09'),
('PE017', 'ST006', 'VE001', '2021-05-20'),
('PE018', 'ST007', 'VE008', '2021-06-15'),
('PE019', 'ST012', 'VE002', '2021-06-29'),
('PE020', 'ST015', 'VE001', '2021-07-18'),
('PE021', 'ST014', 'VE003', '2021-08-26'),
('PE022', 'ST006', 'VE004', '2021-08-27'),
('PE023', 'ST011', 'VE007', '2021-09-16'),
('PE024', 'ST004', 'VE005', '2021-09-26'),
('PE025', 'ST007', 'VE001', '2021-10-18')

INSERT INTO DetailSalesTransaction
VALUES
('SA001', 'TE006', '1'),
('SA001', 'TE012', '2'),
('SA002', 'TE006', '5'),
('SA002', 'TE011', '10'),
('SA003', 'TE010', '8'),
('SA003', 'TE007', '3'),
('SA004', 'TE019', '8'),
('SA004', 'TE008', '2'),
('SA005', 'TE004', '22'),
('SA005', 'TE014', '8'),
('SA006', 'TE004', '5'),
('SA006', 'TE009', '2'),
('SA007', 'TE017', '1'),
('SA007', 'TE020', '8'),
('SA008', 'TE005', '23'),
('SA008', 'TE013', '8'),
('SA009', 'TE019', '9'),
('SA010', 'TE014', '12'),
('SA011', 'TE008', '1'),
('SA012', 'TE002', '7'),
('SA013', 'TE006', '26'),
('SA014', 'TE015', '11'),
('SA015', 'TE011', '3'),
('SA015', 'TE001', '5'),
('SA015', 'TE002', '1')

INSERT INTO DetailPurchaseTransaction
VALUES
('PE001', 'TE006', '1'),
('PE001', 'TE012', '2'),
('PE002', 'TE017', '5'),
('PE002', 'TE011', '7'),
('PE003', 'TE008', '3'),
('PE003', 'TE009', '5'),
('PE004', 'TE020', '6'),
('PE004', 'TE004', '8'),
('PE005','TE003', '18'),
('PE005', 'TE012', '10'),
('PE006', 'TE008',  '4'),
('PE006', 'TE001', '7'),
('PE007', 'TE012', '4'),
('PE008', 'TE018', '7'),
('PE009', 'TE002', '22'),
('PE010', 'TE010', '12'),
('PE011', 'TE016', '1'),
('PE012','TE015', '17'),
('PE013', 'TE006', '16'),
('PE013', 'TE005', '11'),
('PE014', 'TE008', '19'),
('PE014', 'TE018', '13'),
('PE014', 'TE014', '8'),
('PE015', 'TE003', '9'),
('PE015', 'TE007', '10')
